Workbook

Sheet 결과 보고서
B3: 테스트 결과 보고서
B6: 테스트 대상 | D6: 슬라임사냥, 슬라임 사냥v2
B7: 테스터 | D7: 공희성
B8: 테스트 환경 | D8: PC/MacOS/FireFox
B12: 구분 | C12: 전체 | D12: Pass | E12: Fail | F12: 미실행 | G12: Pass율
B13: 테스트케이스 | C13: =COUNTA(테스트케이스!A6:A20) -> 15 | D13: =COUNTIF(테스트케이스!H6:H25,"Pass") -> 5 | E13: =COUNTIF(테스트케이스!H6:H25,"Fail") -> 10 | F13: =C13-D13-E13 -> 0 | G13: =D13/C13 -> 0.33333333
B14: 시나리오 테스트 | C14: =COUNTA('시나리오 테스트'!A7:A15) -> 6 | D14: =COUNTIF('시나리오 테스트'!G7:G15,"Pass") -> 6 | E14: =COUNTIF('시나리오 테스트'!G7:G15,"Fail") -> 0 | F14: =C14-D14-E14 -> 0 | G14: =D14/C14 -> 1
B15: 회귀 테스트 | C15: =COUNTA('회귀 테스트'!A7:A15) -> 7 | D15: =COUNTIF('회귀 테스트'!H7:H15,"Pass") -> 5 | E15: =COUNTIF('회귀 테스트'!H7:H15,"Fail") -> 2 | F15: =C15-D15-E15 -> 0 | G15: =D15/C15 -> 0.71428571
B16: 합계 | C16: =SUM(C13:C15) -> 28 | D16: =SUM(D13:D15) -> 16 | E16: =SUM(E13:E15) -> 12 | F16: =SUM(F13:F15) -> 0 | G16: =D16/C16 -> 0.57142857
B20: 버그 현황 (심각도) | C20: 건수 | H20: 버그 현황(상태) | I20: 건수
B21: 치명 | C21: =COUNTIF(버그리포트!D2:D13,"치명") -> 0 | H21: 신규 | I21: =COUNTIF(버그리포트!L2:L13,"신규") -> 2
B22: 높음 | C22: =COUNTIF(버그리포트!D2:D13,"높음") -> 3 | H22: 수정 | I22: =COUNTIF(버그리포트!L2:L13,"수정") -> 0
B23: 보통 | C23: =COUNTIF(버그리포트!D2:D13,"보통") -> 5 | H23: 확인 | I23: =COUNTIF(버그리포트!L2:L13,"확인") -> 0
B24: 낮음 | C24: =COUNTIF(버그리포트!D2:D13,"낮음") -> 1 | H24: 재검증 | I24: =COUNTIF(버그리포트!L2:L13,"재검증") -> 0
B25: 합계 | C25: =SUM(C21:C24) -> 9 | H25: 종료 | I25: =COUNTIF(버그리포트!L2:L13,"종료") -> 0

Sheet 테스트케이스
A1: https://pigpenguinman.github.io/QA_Game/ | D1: 이 페이지의 게임으로 만든 테스트 케이스와 버그리포트 입니다
A3: 전체 | B3: Pass | C3: Fail | D3: 미실행 | E3: Pass 비율
A4: =COUNTA(A6:A20) -> 15 | B4: =COUNTIF(H6:H20,"Pass") -> 5 | C4: =COUNTIF(H6:H24,"Fail") -> 10 | D4: =A4-B4-C4 -> 0 | E4: =B4/A4 -> 0.33333333
A5: TC ID | B5: 기능 | C5: 테스트 항목 | D5: 사전조건 | E5: 테스트 절차 | F5: 기대결과 | G5: 실제결과 | H5: P/F | I5: 비고(버그 ID)
A6: TC - 001 | B6: 공격 | C6: 공격 피해량 범위 | D6: 전투 시작 | E6: 공격 버튼 여러번 클릭 | F6: 피해가 10~15 범위, 슬라임 HP감소 표시 | G6: 피해 10~15범위, 슬라임 HP감소 표시 | H6: Pass
A7: TC - 002 | B7: 스킬 | C7: 스킬 피해량 범위 | D7: MP 30 이상 | E7: 스킬 사용 후 로그와 슬라임 HP 감소량 비교 | F7: 버튼/로그의 피해량표기(25)와 실제 감소량 동일 | G7: 피해량 표기(25)와 실제 피해량(20) 다름 | H7: Fail | I7: BUG - 001
A8: TC - 003 | B8: 스킬 | C8: MP소모 및 MP부족 | D8: 전투 시작 | E8: MP가 0이 될때까지 스킬 사용 후 한번 더 사용 | F8: MP 10씩 감소, MP 부족 시 사용 불가 표시 | G8: MP10씩 감소, MP부족 시 사용불가 표시 | H8: Pass
A9: TC - 004 | B9: 방어 | C9: 방어 효과 지속시간 | D9: 전투 시작 | E9: 방어 사용 후 방어 이외의 다른 행동하며 피해 확인 | F9: 방어를 사용한 턴에만 피해 감소, 이후 정상 피해(8~14) | G9: 방어를 사용한 턴 이후에도 감소된 피해받음 | H9: Fail | I9: BUG - 002
A10: TC - 005 | B10: 방어 | C10: 새 전투에서 방어 상태 | D10: 방어 사용후 승리 | E10: 방어를 사용한 전투가 끝난 후 새 전투에서 피해 확인 | F10: 방어 상태가 초기화 됌 | G10: 방어 상태가 초기화 되지 않고 감소된 피해받음 | H10: Fail | I10: BUG - 003
A11: TC - 006 | B11: 포션 | C11: HP 최대치에서 사용 | D11: HP 최대치 | E11: HP가 최대치일때 포션 사용 클릭 | F11: HP가 최대치를 넘지 않고 사용불가 표시 | G11: HP가 최대치를 넘어 회복 | H11: Fail | I11: BUG - 004
A12: TC - 007 | B12: 포션 | C12: 포션 0개일때 사용 | D12: 포션을 모두 소모 | E12: 포션 사용 클릭 | F12: 포션 사용 불가 표시 및 개수와 HP의 변화 없음 | G12: HP가 회복되고 포션 갯수가 -1로 표시 | H12: Fail | I12: BUG - 005
A13: TC - 008 | B13: 상점 | C13: 골드가 15G만큼 있을때 구매 | D13: 골드 15G 만들기 | E13: 포션 구매 클릭 | F13: 구매 성공 골드 0, 포션 +1 | G13: 골드 부족 표시, 골드와 포션 갯수 변화 없음 | H13: Fail | I13: BUG - 006
A14: TC - 009 | B14: 상점 | C14: 골드가 부족할때 구매 | D14: 골드 15G 미만 | E14: 포션 구매 클릭 | F14: 골드 부족 표시 , 골드와 포션 변화 없음 | G14: 구매 실패 표시, 골드와 포션 갯수 변화 없음 | H14: Pass
A15: TC - 010 | B15: 전투 종료 | C15: 처치 후 적 반격 | D15: 슬라임 HP를 0으로만들기 | E15: 처치 직후 로그와 플레이어 HP 확인 | F15: 처치 후 추가 피해 없음, '승리' 상태 유지 | G15: 처치 후에도 피해 입음, '승리' 상태 유지 | H15: Fail | I15: Check - 01
A16: TC - 011 | B16: 전투 종료 | C16: 내 HP 표시 하한 | D16: 내 HP가 낮은 상태 | E16: 패배할 때까지 진행 후 플레이어 HP 숫자 확인 | F16: 플레이어 HP가 0미만으로 표시되지 않음 | G16: 플레이어 HP가 0미만 음수로 표시 | H16: Fail | I16: BUG - 007
A17: TC - 012 | B17: 전투 종료 | C17: 적 HP 표시 하한 | D17: 슬라임 HP가 낮은 상태 | E17: 큰 피해로 처치 후 슬라임 HP 숫자 확인 | F17: 슬라임의 HP가 0미만으로 표시되지 않음 | G17: 슬라임의 HP가 0미만 음수로 표시 | H17: Fail | I17: BUG - 007
A18: TC - 013 | B18: 성장 | C18: 레벨업 시 EXP 처리 | D18: 레벨업할 때까지 전투에서 승리 | E18: 승리할 때 EXP 변화 확인 | F18: 레벨업 시 초과 경험치 이월, 최대 HP +10 | G18: 초과된 경험치는 사라짐, 최대 HP +10 | H18: Fail | I18: BUG - 008
A19: TC - 014 | B19: 재시작 | C19: 패배 후 재시작 | D19: 패배 상태 | E19: 새 전투/재시작 클릭 | F19: 가장 처음 상태로 돌아옴 (레벨,HP,포션갯수 등) | G19: 가장 처음 상태로 돌아옴 | H19: Pass
A20: TC - 015 | B20: 전투 종료 | C20: 종료 후 행동버튼 | D20: 승리 또는 패배 | E20: 공격/스킬/포션 버튼 클릭 | F20: 전투 종료 안내 표시, 상태 변화 없음 | G20: 전투 종료 안내 표시, 상태 변화 없음 | H20: Pass

Sheet 버그리포트
A1: 버그 ID | B1: 제목 | C1: 발견 환경 (OS/브라우저/기기) | D1: 심각도 | E1: 우선 순위 | F1: 재현율 | G1: 사전 조건 | H1: 재현 절차 | I1: 기대 결과 | J1: 실제 결과 | K1: 첨부 | L1: 상태
A2: BUG - 001 | B2: 스킬의 피해량이 표기와 다름 | C2: MacOS/FireFox/MacBook Air | D2: 높음 | E2: 높음 | F2: 5/5 | G2: MP 30 이상 | H2: 1.스킬 버튼 클릭 2.로그와 슬라임 HP 감소량 비교 | I2: 로그와 버튼에 표기된 피해량과 실제 피해량이 같음 | J2: 로그와 버튼에 표기된 피해량(25)이 실제 피해량(20) 다름 | L2: 신규
A3: BUG - 002 | B3: 방어상태가 해제되지 않음 | D3: 높음 | E3: 높음 | F3: 5/5 | G3: 전투 시작 | H3: 1.방어 버튼 클릭 2.다른 행동버튼을 누르고 피해량 비교 | I3: 방어를 사용한 턴에만 피해가 감소되고 그 이후엔 정상적인 피해량이 표시 | J3: 방어를 사용한 턴 이후에도 방어를 사용했을 떄 와 같은 피해량 표시 | L3: 신규
A4: BUG - 003 | B4: 전투 종료 후 방어 상태가 해제되지 않음 | D4: 보통 | E4: 보통 | F4: 5/5 | G4: 방어를 사용한 전투 종료 후 전투 시작 | H4: 로그에서 이전 전투에서 방어를 쓰기전 피해량과 방어를 쓰지않은 지금 전투의 피해량 비교 | I4: 방어를 사용하지 않은 새 전투에서 정상적인 피해량 표시 | J4: 방어를 사용하지 않은 새 전투에서도 방어 상태가 유지가 되어 피해량이 감소되어 표시
A5: BUG - 004 | B5: HP가 최대치일떄 포션이 사용됌 | D5: 보통 | E5: 높음 | F5: 5/5 | G5: HP 최대치 | H5: HP가 최대치일때 포션 버튼 클릭 | I5: 포션이 사용되지 않고 사용불가 표시 | J5: 포션이 사용되며 HP가 최대치를 초과
A6: BUG - 005 | B6: 포션이 0개인데 사용됌 | D6: 높음 | E6: 높음 | F6: 5/5 | G6: 포션을 모두 소모 | H6: 포션 갯수가 0 일때 포션 버튼 클릭 | I6: 포션 갯수와 HP 변화없음 및 사용불가 표시 | J6: 포션이 사용되며 갯수가 -1 로 표시
A7: BUG - 006 | B7: 골드 15G가 있지만 포션 구매 불가 | D7: 보통 | E7: 보통 | F7: 5/5 | G7: 골드 15G로 만들기 | H7: 15G일때 포션 구매 버튼 클릭 | I7: 포션이 구매되고 골드가 0으로 변경 | J7: 골드 부족 표시 및 골드와 포션 갯수 변화 없음
A8: BUG - 007 | B8: HP보다 많은 피해를 받았을때 HP 음수표시 | D8: 낮음 | E8: 낮음 | F8: 5/5 | G8: 플레이어 또는 슬라임의 HP를 피해량보다 적게 만들기 | H8: 슬라임의 HP가 적을 때 HP보다 높은 피해 주기 또는 플레이어의 HP가 슬라임의 피해량 보다 낮을때 맞기 | I8: 플레이어 및 슬라임의 HP가 0미만으로 표시되지 않음 | J8: 플레이어 및 슬라임의 HP가 0미만인 음수로 표시
A9: BUG - 008 | B9: 레벨업을 할 때 초과 경험치가 이월 되지 않음 | D9: 보통 | E9: 높음 | F9: 5/5 | G9: 레벨업하기 직전 까지 전투에서 승리 | H9: 1.가지고 있는 경험치 확인 2.전투에서 승리해 레벨업을 한 후 경험치 확인 | I9: 레벨업을 한 후 초과환 경험치는 이월되어 경험치에 더해짐 | J9: 경험치가 이월되지 않고 0으로 표시
A12: Check - 001 | B12: 처치 후 적이 슬라임이 반격 함 | D12: 보통 | E12: 보통 | F12: 5/5 | G12: 슬라임의 HP를 0으로 만들기 | H12: 슬라임을 처치 후 로그와 플레이어의 HP 확인 | I12: (기획 의도) 슬라임보다 먼저 공격을 해 처치했기에 피해를 입지않고 전투 종료 | J12: 슬라임이 처치되었지만 반격해 플레이어가 피해를 입음

Sheet 시나리오 테스트
A6: SC ID | B6: 시나리오 명 | C6: 목적 | D6: 절차 | E6: 기대 결과 | F6: 실제 결과 | G6: P/F | H6: 비고
A7: SC - 001 | B7: 첫 전투 완주 | C7: 기본적인 플레이 흐름 확인 | D7: 1.페이지 새로고침 2.공격 및 스킬을 사용하여 슬라임 처치 3.골드/EXP/로그 확인 4.새 전투 시작 | E7: 슬라임 처치 / 골드+20 / EXP+30 표시 및 새 전투에서 슬라임 HP 60 | F7: 슬라임 처치 / 골드+20 / EXP+30 표시 및 새 전투에서 슬라임 HP 60 | G7: Pass
A8: SC - 002 | B8: 포션 소진 및 구매 | C8: 아이템 수량 및 구매 흐름 확인 | D8: 1.포션을 모두 사용 2.포션을 한번 더 사용 3.골드 확보 후 포션을 구매 4.포션 사용 | E8: 포션이 0개일때 사용 불가 표시, 구매 시 갯수 +1 및 골드 차감, 사용시 HP 회복 | F8: 포션이 0개일때 사용 불가 표시, 구매 시 갯수 +1 및 골드 차감, 사용시 HP 회복 | G8: Pass
A9: SC - 003 | B9: 레벨업 주기 | C9: 성장 시스템 흐름 | D9: 1.페이지 새로고침 2.연속으로 4번 전투 승리 3.레벨/EXP/최대 HP 확인 | E9: 4번째 승리에서 레벨 업, 초과 EXP(20) 이월, 최대 HP+10 | F9: 4번째 전투에서 레벨 업, 초과 EXP(20) 이월되지 않고 소멸, 최대 HP+10 | G9: Pass
A10: SC - 004 | B10: 자원 한계 상황 | C10: HP 및 MP 한계 흐름 | D10: 1.MP가 0이 될 때까지 스킬 사용 2.한번 더 사용 시도 3.HP/로그 확인 | E10: MP부족 안내 표시, 이 때 슬라임이 공격 하지않음(턴 미소모) | F10: MP부족 안내 표시, 슬라임이 공격 하지않음(턴 미소모) | G10: Pass
A11: SC - 005 | B11: 패배 후 복귀 | C11: 패배 처리 와 재시작 | D11: 1.전투에서 패배 2.패배 후 각 행동버튼 클릭 3.새 전투/재시작 버튼 클릭 | E11: 패배 후 행동 불가 안내, 재시작 시 정상 초기 상태 | F11: 패배 표시 및 행동 불가 안내, 재시작 시 초기 상태로 돌아옴 | G11: Pass
A12: SC - 006 | B12: 전투 종료 후 연속 입력 | C12: 전투 종료 상태 처리 | D12: 1.전투에서 승리 2.각 행동버튼 연속 클릭 3.상태 및 로그 확인 | E12: 포션 구매 버튼 이외의 버튼클릭 시 전투 종료 안내 표시 | F12: 전투 종료 안내 표시, 포션 구매 버튼 작동(갯수 +1 , 골드 차감) | G12: Pass

Sheet 회귀 테스트
A6: ID | B6: 구분 | C6: 확인 항목 | D6: 수정 전 결함/확인 포인트 | E6: 확인절차(수정본 v2) | F6: 기대 결과 | G6: 실제 결과 | H6: P/F | I6: 비고
A7: BUG - 001 | B7: 수정 확인 | C7: 스킬 피해량 표기 불일치 | D7: 표기 피해량 25 / 실제 피해량 20 | E7: 스킬 사용후 로그와 슬라임의 HP 감소량 확인 | F7: 로그의 피해량과 슬라임의 감소한 HP가 25로 확인 | G7: 스킬의 표기 피해량(25)과 로그에 표시된 피해량, 슬라임의 감소된 HP가 25로 동일 | H7: Pass
A8: BUG - 002,003 | B8: 수정 확인 | C8: 방어 상태 지속 | D8: 방어 사용 이후 계속 받는 피해량 감소 | E8: 방어 후 다른 행동 반복, 새 전투에서도 확인 | F8: 방어를 사용한 턴에만 받는 피해가 감소, 새 전투에서 방어 상태가 지속되지 않음 | G8: 방어한 턴에만 받는 피해 감소, 새 전투에서 방어상태 초기화 | H8: Pass
A9: BUG - 004 | B9: 수정 필요 | C9: 포션이 최대 HP 초과 | D9: HP가 최대치를 초과한 상태로 표시 | E9: HP가 최대치일 때 포션 사용 | F9: 포션이 사용되지 않고 사용 불가 표시 | G9: 포션이 사용되지만 초과회복 되지않고 턴이 진행됌 | H9: Fail
A10: BUG - 005 | B10: 수정 확인 | C10: 포션이 없지만 사용 됌 | D10: 포션 갯수가 0개이지만 사용 됌 | E10: 포션 갯수가 0개일때 사용 | F10: 포션이 사용되지않고 포션이 없습니다 표시 | G10: 포션이 사용되지않고 로그에 포션이 없다고 표시됌 | H10: Pass
A11: BUG - 006 | B11: 수정 확인 | C11: 정확히 15G일때 포션 구매 | D11: 골드가 부족 표시, 포션 구매 안됌 | E11: 정확히 골드를 15G로 만든 후 포션 구매 | F11: 골드가 차감되고 포션 갯수 +1 | G11: 골드가 정상적으로 차감되고 포션 갯수 +1 | H11: Pass
A12: BUG - 007 | B12: 수정 필요 | C12: 플레이어와 적의 HP 음수 표시 | D12: 남은 HP보다 높은 피해를 입었을때 HP가 음수 표시 | E12: 플레이어 및 슬라임의 남은 HP보다 큰 피해량으로 처치 | F12: HP가 0이하로 내려 가지않고 승리 또는 패배 표시 | G12: 플레이어의 HP 음수 표시 되지않고 패배 표시, 슬라임 처치시 HP가 0이 되지않고 남아있던 HP로 표시 및 승리 표시 | H12: Fail
A13: BUG - 008 | B13: 수정 확인 | C13: 레벨업 시 초과 EXP 이월 | D13: 초과한 EXP(20)가 이월 되지않음 | E13: 4번의 전투 승리후 레벨업 시 EXP 확인 | F13: 레벨업 시 초과한 EXP(20)이 이월 | G13: 레벨업 시 초과한 EXP(20)가 이월되어 20의 경험치가 남음 | H13: Pass
D15: =Countif('회귀 테스트'!H7:H15,"
